"CÓDIGO CULTIVO","SEM","FECHA","PRODUCTO","VARIEDAD","FINCA","Sector","Semillero","BANDEJAS","MARCO","SUPERFICIE","Escandallo","Nº Plantas","LOTE","NºAlbarán","MUNICIPIO","POLIGONO","PARCELA","RECINTO","PRODUCTOR","TIPO","CICLO TEORICO","CICLO REAL","REND. TEORICO","REND.REAL","PREVISION RECOLECCION","RECO. REAL","DIFERENCIA"," 1ª OPORTUNIDAD COSECHA"," SEM 1ª OPORTUNIDAD COSECHA","OBSERVACIONES"
1890,32,"06/08/2025","APIO ECO","DEVIKA","BRAZO DE LA VIRGEN","1","SEMILLEROS EL MIRADOR, S.L.",33,"1x0.25 DOBLE","0,12","288.0",9504,"103192569-103282631","260060","19","28","54 - 56","6 - 2 - 3","AGRICOLA MARVIC","ECO",85,99,70000,"300266,666666667",8400,36032,27632,"30/10/2025",44,
1854,32,"06/08/2025","APIO ECO","BUFALO","BRAZO DE LA VIRGEN","2","SEMILLEROS EL MIRADOR, S.L.",319,"1x0.25 DOBLE","1,06","268.0",85492,"428/06300-31040525-2","260060","19","28","54 - 55 - 56","6 - 2 - 7 - 1 - 3","AGRICOLA MARVIC","ECO",85,135,70000,"85935,8490566038",74200,91092,16892,"30/10/2025",44,
1802,32,"06/08/2025","APIO ECO","DEVIKA","BRAZO DE LA VIRGEN","2","SEMILLEROS EL MIRADOR, S.L.",262,"1x0.25 DOBLE","0,94","288.0",75456,"103208443-103282623","260060","19 - ","28 - ","54 - 55 - 56 - ","6 - 2 - 7 - 1 - 3 - ","AGRICOLA MARVIC","ECO",85,119,70000,"57127,6595744681",65800,53700,-12100,"30/10/2025",44,
1805,33,"15/08/2025","APIO ECO","MONTEREY","BRAZO DE LA VIRGEN","5","SEMILLEROS EL MIRADOR, S.L.",101,"1x0.25 DOBLE","0,36","288.0",29088,"103215768-103282682","260169","19","28","56","3","AGRICOLA MARVIC","ECO",85,146,70000,"58194,4444444444",25200,20950,-4250,"08/11/2025",45,
1892,33,"15/08/2025","APIO ECO","MONTEREY","BRAZO DE LA VIRGEN","1","SEMILLEROS EL MIRADOR, S.L.",180,"1x0.25 DOBLE","0,65","288.0",51840,"103215768-103282682","260169","19","28","54 - 56","2 - 3 - 6 - 7","AGRICOLA MARVIC","ECO",85,145,70000,"68123,0769230769",45500,44280,-1220,"08/11/2025",45,
1891,33,"15/08/2025","APIO ECO","IMPERIAL","BRAZO DE LA VIRGEN","1","SEMILLEROS EL MIRADOR, S.L.",324,"1x0.25 DOBLE","0,99","240.0 - 282.0",79188,"103056283-103229116 - 103215768-103282682","260169","19","28","54 - 56","2 - 3 - 6","AGRICOLA MARVIC","ECO",85,130,70000,"44019,1919191919",69300,43579,-25721,"08/11/2025",45,
1856,35,"25/08/2025","BROCOLI ECO","NAXOS","LOS COLLADOS","4","SEMILLEROS EL MIRADOR, S.L.",230,"1X0.25","1,37","240.0",55200,"00178899 - 00129984","260180","19 - ","28 - ","12 - ","35 - 29 - 32 - ","AGRICOLA MARVIC","ECO",80,92,15000,"17446,7153284672",20550,23902,3352,"13/11/2025",46,
1804,35,"25/08/2025","BROCOLI ECO","NAXOS","BRAZO DE LA VIRGEN","4","SEMILLEROS EL MIRADOR, S.L.",122,"1X0.25","0,73","240.0",29280,"00129984","260180","19","28","54","6 - 5 - 4","AGRICOLA MARVIC","ECO",80,92,15000,"21804,1095890411",10950,15917,4967,"16/11/2025",46,
1803,35,"25/08/2025","BROCOLI ECO","NAXOS","BRAZO DE LA VIRGEN","3","SEMILLEROS EL MIRADOR, S.L.",166,"1X0.25","0,99","240.0",39840,"00129984","260180","19","28","54","6 - 5 - 4 - 2","AGRICOLA MARVIC","ECO",80,92,15000,"16077,7777777778",14850,15917,1067,"13/11/2025",46,
1889,35,"25/08/2025","BROCOLI ECO","NAXOS","BRAZO DE LA VIRGEN","5","SEMILLEROS EL MIRADOR, S.L.",152,"1X0.25","0,9","240.0",36480,"00129984","260180","19","28","56","3 - 2 - 7","AGRICOLA MARVIC","ECO",80,92,15000,"10093,3333333333",13500,9084,-4416,"13/11/2025",46,
1836,36,"02/09/2025","BROCOLI ECO","ARES","LOS COLLADOS","3","SEMILLEROS EL MIRADOR, S.L.",326,"1X0.25","2,28","280.0",91280,"00178606","260180","19","28","12","29","AGRICOLA MARVIC","ECO",75,83,15000,"16650,8771929825",34200,37964,3764,"16/11/2025",46,
1893,36,"02/09/2025","BROCOLI ECO","ARES","LOS COLLADOS","2","SEMILLEROS EL MIRADOR, S.L.",392,"1X0.25","2,75","280.0",109760,"00178606","260180","19","28","12","5 - 29 - 32 - 33","AGRICOLA MARVIC","ECO",75,101,15000,"8181,81818181818",41250,22500,-18750,"16/11/2025",46,
1835,36,"02/09/2025","BROCOLI ECO","NAXOS","LOS COLLADOS","2","SEMILLEROS EL MIRADOR, S.L.",20,"1X0.25","0,29","240.0",4800,"00178899","260180","19","28","12","5 - 29 - 32","AGRICOLA MARVIC","ECO",80,93,15000,"47275,8620689655",4350,13710,9360,"21/11/2025",47,
1824,36,"05/09/2025","ROMANESCO ECO","WHITE GOLD","LA BARDA","8A","SEMILLEROS EL MIRADOR, S.L.",20,"1X0.40","0,22","276.0",5520,"1907400","260337","143","1","35 - 79","1 - 2 - 3","HORTOCOX","ECO",120,106,22500,"41890,9090909091",4950,9216,4266,"03/01/2026",1,
1821,36,"05/09/2025","COL PICUDA ECO","FERNANDO","LA BARDA","9","SEMILLEROS EL MIRADOR, S.L.",362,"1X0.25","2,46","280.0 - 266.0",98532,"18060256 - 1913772","260337","143","1","36 - 37","1 - 2 - 3","HORTOCOX","ECO",80,119,36000,"12208,9430894309",88560,30034,-58526,"24/11/2025",48,
1880,36,"05/09/2025","ROMANESCO ECO","WHITE GOLD","LA BARDA","8B","SEMILLEROS EL MIRADOR, S.L.",156,"1X0.40","1,72","276.0",43056,"1907400","260337","143","1","35 - 36 - 79","1 - 2 - 3","HORTOCOX","ECO",120,106,22500,"12344,1860465116",38700,21232,-17468,"03/01/2026",1,
1857,36,"06/09/2025","APIO ECO","LIPIKA","LA CONCEPCIÓN","1A","SEMILLEROS EL MIRADOR, S.L.",343,"1x0.25 DOBLE","1,21","288.0 - 278.0",97414,"192993475-103283038 - 102948401-103282699","260353","99","65","96","3","HORTOCOX","ECO",105,,70000,"71553,7190082645",84700,86580,1880,"20/12/2025",51,
1833,37,"10/09/2025","BROCOLI ECO","ARES","LOS COLLADOS","1","SEMILLEROS EL MIRADOR, S.L.",386,"1X0.25","2,76","286.0",110396,"00173606","260434","19","28","12","4 - 5 - 32","AGRICOLA MARVIC","ECO",75,116,15000,"14931,1594202899",41400,41210,-190,"24/11/2025",48,
1895,37,"10/09/2025","BROCOLI ECO","ARES","LOS COLLADOS","2","SEMILLEROS EL MIRADOR, S.L.",188,"1X0.25","1,34","286.0",53768,"00173606","260434","19","28","12","5 - 29 - 32 - 33","AGRICOLA MARVIC","ECO",75,93,15000,"16791,7910447761",20100,22501,2401,"24/11/2025",48,
1896,37,"10/09/2025","BROCOLI ECO","MONRELLO","LOS COLLADOS","1","SEMILLEROS EL MIRADOR, S.L.",84,"1X0.25","0,55","264.0",22176,"17977994","260434","19","28","12","4 - 5 - 32","AGRICOLA MARVIC","ECO",75,119,15000,"12221,8181818182",8250,6722,-1528,"24/11/2025",48,
1797,37,"10/09/2025","BROCOLI ECO","ARES","LOS COLLADOS","10","SEMILLEROS EL MIRADOR, S.L.",6,"1X0.25","0,03","240.0",1440,"00173543","260600","19","28","12","4 - 5 - 19 - 20","AGRICOLA MARVIC","ECO",75,116,15000,63500,450,1905,1455,"01/12/2025",49,
1897,37,"10/09/2025","BROCOLI ECO","MONRELLO","LOS COLLADOS","10","SEMILLEROS EL MIRADOR, S.L.",203,"1X0.25","1,34","264.0",53592,"17977994 - 19181999","260434","19","28","12","4 - 5 - 19 - 20","AGRICOLA MARVIC","ECO",75,119,15000,"18093,2835820896",20100,24245,4145,"24/11/2025",48,
1894,37,"10/09/2025","BROCOLI ECO","NAXOS","LOS COLLADOS","2","SEMILLEROS EL MIRADOR, S.L.",28,"1X0.25","0,19","274.0",7672,"00173899","260434","19","28","12","5 - 29 - 30 - 32 - 33","AGRICOLA MARVIC","ECO",80,85,15000,"77736,8421052632",2850,14770,11920,"29/11/2025",48,
1898,37,"13/09/2025","ROMANESCO ECO","VERONICA","LA BARDA","8B","SEMILLEROS EL MIRADOR, S.L.",8,"1X0.40","0,09","286.0",2288,"1939349","260493","143","1","35 - 36 - 79 - 80","1 - 2 - 3","HORTOCOX","ECO",120,125,22500,"22444,4444444444",2025,2020,-5,"11/01/2026",2,
1876,37,"13/09/2025","LECHUGA VERDE ECO","RAWONDER","LA BARDA","4","SEMILLEROS EL MIRADOR, S.L.",144,"(1,80x0,25)/6","0,31","288.0",41472,"103259400-103279151","260493","143","1","123","1 - 2","HORTOCOX","ECO",70,44,140000,"121645,161290323",43400,37710,-5690,"22/11/2025",47,
1904,37,"13/09/2025","LECHUGA ROJA ECO","41-CO3180","LA BARDA","4","SEMILLEROS EL MIRADOR, S.L.",26,"(1,80x0,25)/6","0,05","288.0",7488,"103285197-103288275","260493","143","1","123","1 - 2","HORTOCOX","ECO",70,41,140000,139300,7000,6965,-35,"22/11/2025",47,
1770,38,"15/09/2025","APIO ECO","LIPIKA","LA CONCEPCIÓN","1B","SEMILLEROS EL MIRADOR, S.L.",414,"1x0.25 DOBLE","1,49","288.0",119232,"192993475-103283038","260517","99","65","96","3","HORTOCOX","ECO",105,,70000,"66028,8590604027",104300,98383,-5917,"29/12/2025",1,
1834,38,"17/09/2025","BROCOLI ECO","ARES","LOS COLLADOS","5","SEMILLEROS EL MIRADOR, S.L.",840,"1X0.25","5,95","284.0 - 240.0",238032,"00173808 - 00173543","260600","19","28","12","4 - 30 - 31 - 32 - 38","AGRICOLA MARVIC","ECO",75,108,15000,"17225,0420168067",89250,102489,13239,"01/12/2025",49,
1837,38,"17/09/2025","BROCOLI ECO","ARES","LOS COLLADOS","9","SEMILLEROS EL MIRADOR, S.L.",53,"1X0.25","0,32","240.0",12720,"00173543","260600","19","28","12","4 - 12 - 20","AGRICOLA MARVIC","ECO",75,113,15000,"102328,125",4800,32745,27945,"01/12/2025",49,
1901,38,"17/09/2025","BROCOLI ECO","ITHACA","LOS COLLADOS","9","SEMILLEROS EL MIRADOR, S.L.",156,"1X0.25",2,"285.0",44460,"00172216","260600","19","28","12","4 - 12 - 20","AGRICOLA MARVIC","ECO",75,113,15000,"19210,5",30000,38421,8421,"01/12/2025",49,
1909,38,"19/09/2025","ROMANESCO ECO","VERONICA","LA BARDA","8A","SEMILLEROS EL MIRADOR, S.L.",78,"1X0.40","0,88","286.0",22308,"1939349 - 1904986","260654","143","1","35 - 79","1 - 2 - 3","HORTOCOX","ECO",120,119,22500,"15954,5454545455",19800,14040,-5760,"17/01/2026",3,
1878,38,"19/09/2025","ROMANESCO ECO","VERONICA","LA BARDA","6","SEMILLEROS EL MIRADOR, S.L.",88,"1X0.40",1,"286.0",25168,"1904986","260654","143","1","34 - 78 - 79","2 - 3 - 1 - 5","HORTOCOX","ECO",120,126,22500,23128,22500,23128,628,"17/01/2026",3,
1879,38,"20/09/2025","COL PICUDA ECO","FERNANDO","LA BARDA","7","SEMILLEROS EL MIRADOR, S.L.",227,"1X0.25","1,61","284.0",64468,"1913772","260690","143","1","34 - 78","1 - 4","HORTOCOX","ECO",80,132,36000,"28347,8260869565",57960,45640,-12320,"09/12/2025",50,
1905,38,"20/09/2025","LECHUGA VERDE ECO","RAWONDER","LA BARDA","4","SEMILLEROS EL MIRADOR, S.L.",77,"(1,80x0,25)/6","0,16","288.0",22176,"103259400-103279151","260688","143","1","123 - 101","1 - 2 - 3","HORTOCOX","ECO",70,41,140000,"131062,5",22400,20970,-1430,"29/11/2025",48,
1908,38,"20/09/2025","COL PICUDA ECO","FERNANDO","LA BARDA","9","SEMILLEROS EL MIRADOR, S.L.",59,"1X0.25","0,42","284.0",16756,"1913772","260690","143","1","36 - 37","1 - 2 - 3","HORTOCOX","ECO",80,104,36000,"68011,9047619048",15120,28565,13445,"09/12/2025",50,
1903,39,"24/09/2025","APIO ECO","LIPIKA","LA CONCEPCIÓN","1C","SEMILLEROS EL MIRADOR, S.L.",180,"1x0.25 DOBLE","0,63","280.0",50400,"102993475-103283038","260781","99","65","96","3","HORTOCOX","ECO",105,,70000,"58207,9365079365",44100,36671,-7429,"07/01/2026",2,
1771,39,"24/09/2025","APIO ECO","MONTEREY","LA CONCEPCIÓN","1C","SEMILLEROS EL MIRADOR, S.L.",112,"1x0.25 DOBLE","0,4","284.0",31808,"11900-12402-002","260781","99","65","96","3","HORTOCOX","ECO",105,,70000,0,28000,0,-28000,"07/01/2026",2,
1839,39,"26/09/2025","BROCOLI ECO","LEONIDAS","LOS COLLADOS","7","SEMILLEROS EL MIRADOR, S.L.",148,"1X0.25","1,05","283.0",41884,"0016721","260878","19","28","12","4 - 1 - 27 - 32","AGRICOLA MARVIC",,75,120,15000,"12840,9523809524",15750,13483,-2267,"10/12/2025",50,
1851,39,"26/09/2025","BROCOLI ECO","ARES","LOS COLLADOS","8","SEMILLEROS EL MIRADOR, S.L.",417,"1X0.25",3,"288.0",120096,"00173606","260903","19","28","12","4 - 6 - 14 - 27","AGRICOLA MARVIC","ECO",75,120,15000,17406,45000,52218,7218,"10/12/2025",50,
1840,39,"26/09/2025","BROCOLI ECO","LEONIDAS","LOS COLLADOS","6","SEMILLEROS EL MIRADOR, S.L.",461,"1X0.25","3,26","283.0",130463,"0016721","260878","19","28","12","4 - 32 - 36","AGRICOLA MARVIC","ECO",75,125,15000,"16295,0920245399",48900,53122,4222,"10/12/2025",50,
1900,39,"26/09/2025","BROCOLI ECO","ARES","LOS COLLADOS","7","SEMILLEROS EL MIRADOR, S.L.",158,"1X0.25","1,14","288.0",45504,"00173606","260903","19","28","12","4 - 1 - 27 - 32","AGRICOLA MARVIC","ECO",75,120,15000,"17087,7192982456",17100,19480,2380,"10/12/2025",50,
1902,39,"26/09/2025","BROCOLI ECO","ARES","LOS COLLADOS","9","SEMILLEROS EL MIRADOR, S.L.",200,"1X0.25","1,41","283.0",56600,"00173606","260878","19","28","12","4 - 12 - 20","AGRICOLA MARVIC","ECO",75,104,15000,0,21150,0,-21150,"10/12/2025",50,
1906,40,"02/10/2025","ROMANESCO ECO","PIRAMIDE","LA BARDA","6","SEMILLEROS EL MIRADOR, S.L.",151,"1X0.40","1,74","288.0",43488,"1898295","261086","143","1","34 - 78","2 - 3 - 1 - 5","HORTOCOX","ECO",120,134,22500,"13218,3908045977",39150,23000,-16150,"30/01/2026",5,
1858,40,"02/10/2025","APIO ECO","MONTEREY","LA CONCEPCIÓN","2A","SEMILLEROS EL MIRADOR, S.L.",368,"1x0.25 DOBLE","1,29","282.0",103776,"11900-12402-002","261076","99","65","96","2 - 3 - 4","HORTOCOX","ECO",105,,70000,0,90300,0,-90300,"15/01/2026",3,
1850,40,"04/10/2025","BROCOLI ECO","ARES","LOS COLLADOS","14","SEMILLEROS EL MIRADOR, S.L.",280,"1X0.25","1,98","278.0 - 288.0",79130,"00177068 - 00173508","261026","19","28","12","13 - 35 - 25 - 32","AGRICOLA MARVIC","ECO",75,53,15000,"8171,71717171717",29700,16180,-13520,"18/12/2025",51,
1844,40,"04/10/2025","BROCOLI ECO","ARES","LOS COLLADOS","13","SEMILLEROS EL MIRADOR, S.L.",336,"1X0.25","2,33","278.0",93408,"00177068","261026","19","28","12","13 - 35 - 25 - 32","AGRICOLA MARVIC","ECO",75,115,15000,"34698,7124463519",34950,80848,45898,"18/12/2025",51,
1907,40,"04/10/2025","COL PICUDA ECO","REGENCY","LA BARDA","7","SEMILLEROS EL MIRADOR, S.L.",145,"1X0.25","1,03","286.0 - 288.0",41496,"M14863/N - M06043K","261142","143","1","34 - 78","1 - 3 - 4 - 5","HORTOCOX","ECO",80,111,36000,"24135,9223300971",37080,24860,-12220,"23/12/2025",52,
1914,41,"07/10/2025","BROCOLI ECO","NEMESIS","LOS COLLADOS","15","SEMILLEROS EL MIRADOR, S.L.",288,"1X0.25","2,03","282.0",81216,"00173369","261233","19","28","12","1 - 32 - 37","AGRICOLA MARVIC","ECO",80,125,15000,"20294,0886699507",30450,41197,10747,"26/12/2025",52,
1842,41,"07/10/2025","BROCOLI ECO","ARES","LOS COLLADOS","15","SEMILLEROS EL MIRADOR, S.L.",153,"1X0.25","1,06","278.0",42534,"00177068","261026 - 261233","19","28","12","1 - 32 - 37","AGRICOLA MARVIC","ECO",80,113,15000,"26491,5094339623",15900,28081,12181,"26/12/2025",52,
1911,41,"07/10/2025","LECHUGA ROJA ECO","41-CO3180","LA BARDA","4","SEMILLEROS EL MIRADOR, S.L.",51,"(1,80x0,25)/6","0,11","288.0",14688,"103285197-103288275","261227","143","1","123 - 101","1 - 2 - 3","HORTOCOX","ECO",60,45,140000,"118909,090909091",15400,13080,-2320,"06/12/2025",49,
1910,41,"07/10/2025","LECHUGA VERDE ECO","RAWONDER","LA BARDA","4","SEMILLEROS EL MIRADOR, S.L.",124,"(1,80x0,25)/6","0,27","288.0",35712,"103259400-103279151 - 103061486-103061488","261227","143","1","123","1 - 2","HORTOCOX","ECO",60,41,140000,"132266,666666667",37800,35712,-2088,"06/12/2025",49,
1912,41,"08/10/2025","LECHUGA VERDE ECO","RAWONDER","LA BARDA","4","SEMILLEROS EL MIRADOR, S.L.",98,"(1,80x0,25)/6","0,21","288.0",28224,"103061486-103061488","261227","143","1","123","1 - 2","HORTOCOX","ECO",60,41,140000,"118514,285714286",29400,24888,-4512,"07/12/2025",49,
1884,41,"08/10/2025","COL CHINA ECO","MERIKO","LA BARDA","14","SEMILLEROS EL MIRADOR, S.L.",68,"1X0.25","0,49","288.0",19584,"1949001","261290","143","1","35 - 79","1 - 2 - 3","SERGIO","ECO",90,119,40500,"10704,0816326531",19845,5245,-14600,"06/01/2026",2,
1916,41,"09/10/2025","COL CHINA ECO","MANOKO","LA BARDA","14","SEMILLEROS EL MIRADOR, S.L.",44,"1X0.25","0,32","288.0",12672,"1950782","261348","143","1","79","1 - 2 - 3","SERGIO","ECO",90,118,40500,"26887,5",12960,8604,-4356,"07/01/2026",2,
1915,41,"09/10/2025","COL CHINA ECO","MERIKO","LA BARDA","14","SEMILLEROS EL MIRADOR, S.L.",83,"1X0.25","0,6","288.0",23904,"1949001","261290","143","1","79","1 - 2 - 3","SERGIO","ECO",90,118,40500,25000,24300,15000,-9300,"07/01/2026",2,
1846,41,"10/10/2025","BROCOLI ECO","ULYSES","LOS COLLADOS","12","SEMILLEROS EL MIRADOR, S.L.",172,"1X0.25","1,24","288.0",49536,"00176872","261367","19","28","12","4 - 21 - 31 - 32 - 38","AGRICOLA MARVIC","ECO",85,112,15000,"25253,2258064516",18600,31314,12714,"03/01/2026",1,
1848,41,"10/10/2025","BROCOLI ECO","ULYSES","LOS COLLADOS","16","SEMILLEROS EL MIRADOR, S.L.",79,"1X0.25","0,57","288.0",22752,"00176872","261367"," - 19"," - 28"," - 12 - 8"," - 3 - 1 - 2","AGRICOLA MARVIC","ECO",85,112,15000,"16803,5087719298",8550,9578,1028,"03/01/2026",1,
1838,41,"10/10/2025","BROCOLI ECO","ARES","LOS COLLADOS","11","SEMILLEROS EL MIRADOR, S.L.",383,"1X0.25","2,66","278.0",106474,"00176552 - 00173543 - 00177068","261367","19","28","12","4 - 11 - 20","AGRICOLA MARVIC","ECO",85,111,15000,"22964,6616541353",39900,61086,21186,"03/01/2026",1,
1917,41,"10/10/2025","BROCOLI ECO","ULYSES","LOS COLLADOS","11","SEMILLEROS EL MIRADOR, S.L.",133,"1X0.25","0,96","288.0",38304,"00176872","261367","19","28","12","4 - 11 - 20","AGRICOLA MARVIC","ECO",85,112,15000,"7291,66666666667",14400,7000,-7400,"03/01/2026",1,
1919,41,"11/10/2025","BROCOLI ECO","ULYSES","LOS COLLADOS","12","SEMILLEROS EL MIRADOR, S.L.",42,"1X0.25","0,3","288.0",12096,"00176872","261392","19","28","12","4 - 21 - 31 - 32 - 38","AGRICOLA MARVIC","ECO",85,111,15000,0,4500,0,-4500,"04/01/2026",1,
1918,41,"11/10/2025","BROCOLI ECO","ULYSES","LOS COLLADOS","11","SEMILLEROS EL MIRADOR, S.L.",121,"1X0.25","0,87","288.0",34848,"00176872","261392","19","28","12","4 - 11 - 20","AGRICOLA MARVIC","ECO",85,110,15000,"23067,816091954",13050,20069,7019,"04/01/2026",1,
1881,42,"13/10/2025","COL CHINA ECO","MANOKO","LA BARDA","10","SEMILLEROS EL MIRADOR, S.L.",99,"1X0.25","0,71","288.0",28512,"1950782","261348","143","1","37","1","HORTOCOX","ECO",90,91,40500,"78366,1971830986",28755,55640,26885,"11/01/2026",2,
1921,42,"13/10/2025","ROMANESCO ECO","PIRAMIDE","LA BARDA","6","SEMILLEROS EL MIRADOR, S.L.",6,"1X0.40","0,07","288.0",1728,"1898295","261086","143","1","34 - 78","2 - 3 - 1 - 5","HORTOCOX","ECO",120,123,22500,340000,1575,23800,22225,"10/02/2026",7,
1920,42,"13/10/2025","LECHUGA ROJA ECO","41-CO3180","LA BARDA","4","SEMILLEROS EL MIRADOR, S.L.",31,"(1,80x0,25)/6","0,07","288.0",8928,"103285197-103288275","261227","143","1","123 - 101","1 - 2 - 3","HORTOCOX","ECO",60,68,140000,"105857,142857143",9800,7410,-2390,"12/12/2025",50,
1923,42,"15/10/2025","ROMANESCO ECO","PIRAMIDE","LA BARDA","6","SEMILLEROS EL MIRADOR, S.L.",24,"1X0.40","0,28","288.0",6912,"1898295","261491","143","1","34 - 78","2 - 3 - 1 - 5","HORTOCOX","ECO",120,121,22500,"10714,2857142857",6300,3000,-3300,"12/02/2026",7,
1922,42,"15/10/2025","COL CHINA ECO","MANOKO","LA BARDA","10","SEMILLEROS EL MIRADOR, S.L.",141,"1X0.25","1,01","288.0",40608,"1950782","261491","143","1","37 - 81","1","HORTOCOX","ECO",90,89,40500,"55082,1782178218",40905,55633,14728,"13/01/2026",3,
1925,42,"18/10/2025","COL CHINA ECO","MANOKO","LA BARDA","10","SEMILLEROS EL MIRADOR, S.L.",143,"1X0.25","1,03","288.0",41184,"1950782","261625 - 261491","143","1","36 - 37","1","HORTOCOX","ECO",90,86,40500,"54019,4174757282",41715,55640,13925,"16/01/2026",3,
1924,42,"18/10/2025","LECHUGA VERDE ECO","RALSTON","LA BARDA","4","SEMILLEROS EL MIRADOR, S.L.",254,"(1,80x0,25)/6","0,47","250.0",63500,"103149936-103149940","261625","143","1","123 - 101","1 - 2 - 3","HORTOCOX","ECO",60,55,140000,123000,65800,57810,-7990,"17/12/2025",51,
1792,43,"21/10/2025","BROCOLI ECO","ULYSES","LA CONCEPCIÓN","3A","SEMILLEROS EL MIRADOR, S.L.",147,"1x0,50 DOBLE","1,06","288.0",42336,"00161659","261742","99","65","96","3","HORTOCOX","ECO",90,101,15000,"14734,9056603774",15900,15619,-281,"19/01/2026",4,
1790,43,"21/10/2025","BROCOLI ECO","ULYSES","LA CONCEPCIÓN","3C","SEMILLEROS EL MIRADOR, S.L.",216,"1x0,50 DOBLE","1,55","288.0",62208,"00161659","261742 - 261722","99","65","96","1 - 3","HORTOCOX","ECO",90,107,15000,"10352,9032258065",23250,16047,-7203,"19/01/2026",4,
1866,43,"21/10/2025","BROCOLI ECO","ULYSES","LA CONCEPCIÓN","4A","SEMILLEROS EL MIRADOR, S.L.",246,"1x0,50 DOBLE","1,77","288.0",70848,"00176872 - 00176870","261722 - 261710","99","65","96","5 - 11 - 14","HORTOCOX","ECO",90,105,15000,"14706,779661017",26550,26031,-519,"19/01/2026",4,
1926,43,"21/10/2025","BROCOLI ECO","ULYSES","LA CONCEPCIÓN","4C","SEMILLEROS EL MIRADOR, S.L.",197,"1x0,50 DOBLE","1,42","288.0",56736,"00176870","261710","99","65","96","10 - 11 - 12","HORTOCOX","ECO",90,113,15000,"28953,5211267606",21300,41114,19814,"19/01/2026",4,
1863,43,"21/10/2025","BROCOLI ECO","NEMESIS","LA CONCEPCIÓN","4B","SEMILLEROS EL MIRADOR, S.L.",262,"1x0,50 DOBLE","1,88","288.0",75456,"00173369","261722","99","65","96","1 - 5 - 11 - 12","HORTOCOX","ECO",90,114,15000,"16582,4468085106",28200,31175,2975,"19/01/2026",4,
1789,43,"21/10/2025","BROCOLI ECO","ULYSES","LA CONCEPCIÓN","3D","SEMILLEROS EL MIRADOR, S.L.",218,"1x0,50 DOBLE","1,57","288.0",62784,"00176872","261722","99","65","96","1 - 3 - 11","HORTOCOX","ECO",90,113,15000,"15929,9363057325",23550,25010,1460,"19/01/2026",4,
1791,43,"21/10/2025","BROCOLI ECO","ULYSES","LA CONCEPCIÓN","3B","SEMILLEROS EL MIRADOR, S.L.",228,"1x0,50 DOBLE","1,64","288.0",65664,"00161659","261742","99","65","96","1 - 3","HORTOCOX","ECO",90,101,15000,"14769,512195122",24600,24222,-378,"19/01/2026",4,
1864,43,"21/10/2025","BROCOLI ECO","NEMESIS","LA CONCEPCIÓN","4C","SEMILLEROS EL MIRADOR, S.L.",59,"1x0,50 DOBLE","0,42","288.0",16992,"00173369","261722","99","65","96","10 - 11 - 12","HORTOCOX","ECO",90,,15000,0,6300,0,-6300,"19/01/2026",4,
1869,43,"22/10/2025","BROCOLI ECO","ULYSES","LA CONCEPCIÓN","7","SEMILLEROS EL MIRADOR, S.L.",153,"1x0,50 DOBLE","1,1","288.0",44064,"00176872","261710","99","65","113","1","HORTOCOX","ECO",90,104,15000,"11780,9090909091",16500,12959,-3541,"20/01/2026",4,
1930,43,"22/10/2025","COL CHINA ECO","MANOKO","LA BARDA","7","SEMILLEROS EL MIRADOR, S.L.",10,"1X0.25","0,07","288.0",2880,"1950782","261722","143","1","37","1","HORTOCOX","ECO",90,,40500,0,2835,0,-2835,"20/01/2026",4,
1860,43,"22/10/2025","APIO ECO","MONTEREY","LA CONCEPCIÓN","2C","SEMILLEROS EL MIRADOR, S.L.",153,"1x0.25 DOBLE","0,54","282.0",43146,"11900-12402-002","2611750","99","65","96","3","HORTOCOX","ECO",125,,70000,0,37800,0,-37800,"24/02/2026",9,
1929,43,"22/10/2025","APIO ECO","BUFALO","LA CONCEPCIÓN","2C","SEMILLEROS EL MIRADOR, S.L.",80,"1x0.25 DOBLE","0,28","278.0",22240,"428006300-3A1040625","261769","99 - ","65 - ","96 - ","3 - ","HORTOCOX","ECO",125,,70000,0,19600,0,-19600,"24/02/2026",9,
1859,43,"22/10/2025","APIO ECO","MONTEREY","LA CONCEPCIÓN","2B","SEMILLEROS EL MIRADOR, S.L.",385,"1x0.25 DOBLE","1,36","282.0",108570,"11900-12402-002","2611750","99","65","96","2 - 3 - 4","HORTOCOX","ECO",125,,70000,0,95200,0,-95200,"24/02/2026",9,
1861,43,"22/10/2025","APIO ECO","BUFALO","LA CONCEPCIÓN","2D","SEMILLEROS EL MIRADOR, S.L.",247,"1x0.25 DOBLE","0,85","278.0",68666,"428006300-3A1040625","261769","99","65","96","1 - 3","HORTOCOX","ECO",125,,70000,0,59500,0,-59500,"24/02/2026",9,
1932,43,"24/10/2025","LECHUGA ROJA ECO","41-CO3180","LA BARDA","4","SEMILLEROS EL MIRADOR, S.L.",26,"(1,80x0,25)/6","0,05","288.0",7488,"103285197-103288275","261878","143","1","123 - 101","1 - 2 - 3","HORTOCOX","ECO",70,61,140000,118200,7000,5910,-1090,"02/01/2026",1,
1931,43,"24/10/2025","COL CHINA ECO","MANOKO","LA BARDA","14","SEMILLEROS EL MIRADOR, S.L.",223,"1X0.25","1,6","288.0",64224,"1950782","261878","143","1","79","1 - 2 - 3","SERGIO","ECO",90,103,40500,12500,64800,20000,-44800,"22/01/2026",4,
1933,43,"24/10/2025","LECHUGA VERDE ECO","RALSTON","LA BARDA","4","SEMILLEROS EL MIRADOR, S.L.",194,"(1,80x0,25)/6","0,42","288.0",55872,"1031149936-103149940","261878","143","1","123","1 - 2","HORTOCOX","ECO",70,61,140000,"117071,428571429",58800,49170,-9630,"02/01/2026",1,
1934,43,"25/10/2025","COL PICUDA ECO","DIEGO","LA BARDA","13","SEMILLEROS EL MIRADOR, S.L.",101,"1X0.25","0,73","288.0",29088,"10968741","261950","143","1","40","1","HORTOCOX","ECO",80,,36000,"34246,5753424658",26280,25000,-1280,"13/01/2026",3,
1883,43,"25/10/2025","ROMANESCO ECO","FLORENTINA","LA BARDA","13","SEMILLEROS EL MIRADOR, S.L.",82,"1X0.40","0,94","288.0",23616,"1967350","261950","143","1","40","1","HORTOCOX","ECO",120,,22500,"17651,0638297872",21150,16592,-4558,"22/02/2026",8,
1935,44,"27/10/2025","COL PICUDA ECO","DIEGO","LA BARDA","13","SEMILLEROS EL MIRADOR, S.L.",43,"1X0.25","0,3","288.0",12384,"10968741","261950","143","1","40","1","HORTOCOX","ECO",80,127,36000,"32616,6666666667",10800,9785,-1015,"15/01/2026",3,
1938,44,"30/10/2025","BROCOLI ECO","ULYSES","LONSORDO","1","SEMILLEROS EL MIRADOR, S.L.",60,"1x0,50 DOBLE","0,43","286.0",17160,"00161659","262189",,,,,"HORTOCOX","ECO",90,,15000,"39583,7209302326",6450,17021,10571,"28/01/2026",5,
1826,44,"30/10/2025","BROCOLI ECO","MONRELLO","LONSORDO","4","SEMILLEROS EL MIRADOR, S.L.",150,"1x0,50 DOBLE","1,06","286.0",42900,"20154599","262189 - 262164","99","65","107","1 - 2 - 3 - 5","HORTOCOX","ECO",90,,15000,"10963,2075471698",15900,11621,-4279,"28/01/2026",5,
1927,44,"30/10/2025","BROCOLI ECO","ULYSES","LONSORDO","7","SEMILLEROS EL MIRADOR, S.L.",117,"1x0,50 DOBLE","0,83","286.0",33462,"00161659 - 00176870","262189","99","65","233","6","HORTOCOX","CONV",90,,15000,"17545,7831325301",12450,14563,2113,"28/01/2026",5,
1867,44,"30/10/2025","BROCOLI ECO","ITHACA","LA CONCEPCIÓN","5B","SEMILLEROS EL MIRADOR, S.L.",153,"1x0,50 DOBLE","1,07","282.0",43146,"00172216","262164","99","65","96","6 - 7 - 8","HORTOCOX","ECO",90,107,15000,"20833,6448598131",16050,22292,6242,"28/01/2026",5,
1936,44,"30/10/2025","BROCOLI ECO","MONRELLO","LA CONCEPCIÓN","5B","SEMILLEROS EL MIRADOR, S.L.",67,"1x0,50 DOBLE","0,48","286.0",19162,"20154599","262164","99","65","96","7 - 8 - 11","HORTOCOX","ECO",90,,15000,0,7200,0,-7200,"28/01/2026",5,
1865,44,"30/10/2025","BROCOLI ECO","ITHACA","LA CONCEPCIÓN","5A","SEMILLEROS EL MIRADOR, S.L.",135,"1x0,50 DOBLE","0,95","282.0",38070,"00172216","262164","99","65","96","7 - 8 - 11","HORTOCOX","ECO",90,105,15000,"13311,5789473684",14250,12646,-1604,"28/01/2026",5,
1868,44,"30/10/2025","BROCOLI ECO","MONRELLO","LA CONCEPCIÓN","6","SEMILLEROS EL MIRADOR, S.L.",115,"1x0,50 DOBLE","0,82","286.0",32890,"20154599","262164","99","65","82","2 - 1","HORTOCOX","ECO",90,107,15000,"11224,3902439024",12300,9204,-3096,"28/01/2026",5,
1937,44,"30/10/2025","BROCOLI ECO","MONRELLO","LONSORDO","1","SEMILLEROS EL MIRADOR, S.L.",243,"1x0,50 DOBLE","1,73","286.0",69498,"20154599","262189","99","65","233","1 - 6 - 10 - 11 - 14 - 15 - 16 - 17","HORTOCOX","ECO",90,,15000,"10121,9653179191",25950,17511,-8439,"28/01/2026",5,
1939,44,"31/10/2025","LECHUGA VERDE ECO","RALSTON","LA BARDA","4","SEMILLEROS EL MIRADOR, S.L.",252,"(1,80x0,25)/6","0,49","288.0 - 260.0",66360,"103149936-103149940","262217","143","1","123","1 - 2","HORTOCOX","ECO",70,,140000,"121224,489795918",68600,59400,-9200,"09/01/2026",2,
1941,44,"31/10/2025","BROCOLI ECO","ULYSES","LONSORDO","5","SEMILLEROS EL MIRADOR, S.L.",245,"1x0,50 DOBLE","1,39","286.0",70070,"00176870","262189 - 262232","99","65","235","1 - 3 - 4 - 5 - 6","HORTOCOX","ECO",90,,15000,"15970,5035971223",20850,22199,1349,"29/01/2026",5,
1942,44,"31/10/2025","APIO ECO","BUFALO","LA CONCEPCIÓN","11","SEMILLEROS EL MIRADOR, S.L.",154,"1x0.25 DOBLE","0,53","278.0",42812,"428/006300-3A1040625","262223","99","65","96 - 108 - 109","11 - 1 - 2","HORTOCOX","ECO",125,,70000,0,37100,0,-37100,"05/03/2026",10,
1940,44,"31/10/2025","LECHUGA ROJA ECO","41-CO3180","LA BARDA","4","SEMILLEROS EL MIRADOR, S.L.",26,"(1,80x0,25)/6","0,057","288.0",7488,"103285197-103288275","262217","143","1","124 - 123 - 101","1 - 4 - 2 - 3","HORTOCOX","ECO",70,75,140000,"102105,263157895",7980,5820,-2160,"09/01/2026",2,
1810,44,"31/10/2025","APIO ECO","LIPIKA","LA CONCEPCIÓN","11","SEMILLEROS EL MIRADOR, S.L.",211,"1x0.25 DOBLE","0,75","288.0",60768,"102993476-103311045","262241 - 262223","99","65","96 - 108 - 109","11 - 1 - 2","HORTOCOX","ECO",125,,70000,0,52500,0,-52500,"05/03/2026",10,
1928,44,"01/11/2025","BROCOLI ECO","MARATHON","AGRICOLA GOMEZ RAMIREZ","10-5032",,,,0,,0,,,,,,,,"ECO",0,,15000,0,0,0,0,,,
1885,45,"04/11/2025","COL CHINA ECO","MANOKO","LA BARDA","15","SEMILLEROS EL MIRADOR, S.L.",107,"1X0.25","0,73","274.0",29318,"1950782","262356","143","1","79 - 80","2 - 1","SERGIO","ECO",90,99,40500,"65172,602739726",29565,47576,18011,"02/02/2026",6,
1943,45,"04/11/2025","COL PICUDA ECO","DIEGO","LA BARDA","13","SEMILLEROS EL MIRADOR, S.L.",144,"1X0.25","1,03","288.0",41472,"1968941","262356","143","1","40","1","HORTOCOX","ECO",105,119,36000,"35554,3689320388",37080,36621,-459,"17/02/2026",8,
1873,45,"05/11/2025","APIO ECO","LIPIKA","LA BARDA","1","SEMILLEROS EL MIRADOR, S.L.",134,"1x0.25 DOBLE","0,48","288.0",38592,"102993476-103311045","262398","143","1","120","1","HORTOCOX","ECO",125,,70000,0,33600,0,-33600,"10/03/2026",11,
1945,45,"05/11/2025","APIO ECO","CEYONE","LA BARDA","1","SEMILLEROS EL MIRADOR, S.L.",367,"1x0.25 DOBLE","1,31","288.0 - 284.0",105388,"103256716 - 103259921-103322724","262398","143","1","120","1","HORTOCOX","ECO",125,,70000,0,91700,0,-91700,"10/03/2026",11,
1944,45,"05/11/2025","COL CHINA ECO","MANOKO","LA BARDA","15","SEMILLEROS EL MIRADOR, S.L.",173,"1X0.25","1,18","274.0",47402,"1950782","262356","143","1","79 - 80","2 - 1","SERGIO","ECO",90,98,40500,"33898,3050847458",47790,40000,-7790,"03/02/2026",6,
1946,45,"06/11/2025","LECHUGA ROJA ECO","41-CO3180","LA BARDA","4","SEMILLEROS EL MIRADOR, S.L.",24,"(1,80x0,25)/6","0,05","286.0",6864,"103285197-103288275","262461","143","1","123 - 101","1 - 2 - 3","HORTOCOX","ECO",70,,140000,75600,7000,3780,-3220,"15/01/2026",3,
1948,45,"06/11/2025","APIO ECO","CEYONE","LA BARDA","1","SEMILLEROS EL MIRADOR, S.L.",43,"1x0.25 DOBLE","0,15","284.0",12212,"103259921-103322724","262398","143","1","120","1","HORTOCOX","ECO",125,,70000,0,10500,0,-10500,"11/03/2026",11,
1947,45,"06/11/2025","LECHUGA VERDE ECO","RALSTON","LA BARDA","4","SEMILLEROS EL MIRADOR, S.L.",93,"(1,80x0,25)/6","0,19","286.0",26598,"103149936-103149940","262461","143","1","123 - 101","1 - 2 - 3","HORTOCOX","ECO",70,,140000,"268894,736842105",26600,51090,24490,"15/01/2026",3,
1950,45,"07/11/2025","BROCOLI ECO","ULYSES","LONSORDO","3","SEMILLEROS EL MIRADOR, S.L.",247,"1x0,50 DOBLE","1,77","288.0 - 286.0",71090,"00176870","262570 - 262566","99","65","233","7 - 8 - 15","HORTOCOX","ECO",90,,15000,"13029,9435028249",26550,23063,-3487,"06/02/2026",6,
1949,45,"07/11/2025","BROCOLI ECO","NEMESIS","LONSORDO","2","SEMILLEROS EL MIRADOR, S.L.",318,"1x0,50 DOBLE","2,28","288.0",91584,"00173369","262570","99","65","233","9 - 3 - 12 - 13 - 15 - 17","HORTOCOX","ECO",90,,15000,"14593,4210526316",34200,33273,-927,"06/02/2026",6,
1853,45,"08/11/2025","BROCOLI ECO","ULYSES","LONSORDO","6","SEMILLEROS EL MIRADOR, S.L.",165,"1x0,50 DOBLE","1,17","286.0",47190,"00176870 - 00161659","262566","99","65","235","1 - 6 - 7 - 8","HORTOCOX","ECO",90,,15000,"5968,37606837607",17550,6983,-10567,"06/02/2026",6,
1870,46,"10/11/2025","BROCOLI ECO","ULYSES","LA CONCEPCIÓN","8","SEMILLEROS EL MIRADOR, S.L.",201,"1x0,50 DOBLE","1,43","284.0",57084,"00161659","262605","99","65","238","1 - 2 - 3","HORTOCOX","ECO",90,98,15000,"14803,4965034965",21450,21169,-281,"08/02/2026",6,
1954,46,"13/11/2025","BROCOLI ECO","ULYSES","LA BARDA","1","SEMILLEROS EL MIRADOR, S.L.",172,"1X0.25","1,23","288.0",49536,"00176883","262799","143","1","120","1","HORTOCOX","ECO",90,,15000,"13995,9349593496",18450,17215,-1235,"11/02/2026",7,
1849,46,"13/11/2025","COL CHINA ECO","MANOKO","LA BARDA","16","SEMILLEROS EL MIRADOR, S.L.",159,"1X0.25","1,03","264.0 - 260.0 - 288.0",42128,"1950782","262799","143","1","37 - 81","1 - 2","SERGIO","ECO",90,97,40500,"47251,4563106796",41715,48669,6954,"11/02/2026",7,
1952,46,"13/11/2025","COL CHINA ECO","MANOKO","LA BARDA","15","SEMILLEROS EL MIRADOR, S.L.",130,"1X0.25","0,85","264.0",34320,"1950782","262799","143","1","79 - 80","2 - 1","SERGIO","ECO",90,83,40500,"5882,35294117647",34425,5000,-29425,"11/02/2026",7,
1953,46,"13/11/2025","LECHUGA VERDE ECO","RANDOLPH","LA BARDA","4","SEMILLEROS EL MIRADOR, S.L.",110,"(1,80x0,25)/6","0,23","286.0",31460,"103322252-103322254","262798","143","1","123","1 - 2","HORTOCOX","ECO",70,,140000,0,32200,0,-32200,"22/01/2026",4,
1956,46,"14/11/2025","LECHUGA VERDE ECO","RANDOLPH","LA BARDA","2","SEMILLEROS EL MIRADOR, S.L.",320,"(1,80x0,25)/6","0,6","280.0",89600,"103322262-103322254","262856","143","1","127","1 - 2","HORTOCOX","ECO",70,,140000,148200,84000,88920,4920,"23/01/2026",4,
1955,46,"14/11/2025","BROCOLI ECO","MONRELLO","LA BARDA","12","SEMILLEROS EL MIRADOR, S.L.",373,"1X0.25","2,68","288.0",107424,"20154599","262832","143","1","92","2 - 1","HORTOCOX","ECO",90,,15000,"6361,94029850746",40200,17050,-23150,"12/02/2026",7,
1874,46,"14/11/2025","LECHUGA ROJA ECO","41-CO3180","LA BARDA","2","SEMILLEROS EL MIRADOR, S.L.",52,"(1,80x0,25)/6","0,1","280.0",14560,"103285197-103288275","262856","143","1","127 - 124","1 - 2","HORTOCOX","ECO",70,,14000,144000,1400,14400,13000,"23/01/2026",4,
1845,46,"14/11/2025","BROCOLI ECO","ULYSES","LA BARDA","12","SEMILLEROS EL MIRADOR, S.L.",76,"1X0.25","0,54","288.0",21888,"00176883","262799 - 262832","143","1","92","2 - 1","HORTOCOX","ECO",90,,15000,"9127,77777777778",8100,4929,-3171,"12/02/2026",7,
1957,46,"15/11/2025","BROCOLI ECO","MONRELLO","LA NUEVA II","7","SEMILLEROS EL MIRADOR, S.L.",130,"1x0,50 DOBLE","0,92","284.0",36920,"20154599","262884","49","7","2","1","CAROLINA","ECO",90,,15000,0,13800,0,-13800,"13/02/2026",7,
1650,46,"15/11/2025","BROCOLI ECO","ULYSES","LA NUEVA II","7","SEMILLEROS EL MIRADOR, S.L.",152,"1x0,50 DOBLE","1,08","288.0 - 284.0",43240,"00176883 - 00161659","262884","49","7","2","1","CAROLINA","ECO",90,,15000,"21047,2222222222",16200,22731,6531,"13/02/2026",7,
1872,47,"19/11/2025","BROCOLI ECO","MONRELLO","LA CONCEPCIÓN","10","SEMILLEROS EL MIRADOR, S.L.",127,"1x0,50 DOBLE","0,89","250.0 - 288.0",35702,"20154599","263007","99","65","230 - 240","1 - 2","HORTOCOX","ECO",90,,15000,"16055,0561797753",13350,14289,939,"17/02/2026",8,
1871,47,"19/11/2025","BROCOLI ECO","MONRELLO","LA CONCEPCIÓN","9","SEMILLEROS EL MIRADOR, S.L.",194,"1x0,50 DOBLE","1,31","284.0 - 250.0",52512,"20154599","262884 - 263007","99","65","227 - 230","1 - 2 - 3","HORTOCOX","ECO",90,,15000,"15257,2519083969",19650,19987,337,"17/02/2026",8,
1959,47,"21/11/2025","LECHUGA ROJA ECO","41-CO3180","LA BARDA","2","SEMILLEROS EL MIRADOR, S.L.",35,"(1,80x0,25)/6","0,07","288.0",10080,"103285197-103288275","263119","143","1","127","1 - 2","HORTOCOX","ECO",70,,140000,130500,9800,9135,"-665,000000000002","30/01/2026",5,
1958,47,"21/11/2025","BROCOLI ECO","ITHACA","LA BARDA","24","SEMILLEROS EL MIRADOR, S.L.",126,"1X0.25","0,89","284.0",35784,"00170203","263097","143","1","94","1","SERGIO","CONV",90,,15000,0,13350,0,-13350,"19/02/2026",8,
1813,47,"21/11/2025","BROCOLI ECO","MONRELLO","LA BARDA","24","SEMILLEROS EL MIRADOR, S.L.",461,"1X0.25","3,31","288.0",132768,"20154599","263007 - 263097"," - 143"," - 1"," - 120 - 94"," - 1 - 2 - 3","SERGIO","CONV",90,,15000,"7362,83987915408",49650,24371,-25279,"19/02/2026",8,
1960,47,"21/11/2025","LECHUGA VERDE ECO","RANDOLPH","LA BARDA","2","SEMILLEROS EL MIRADOR, S.L.",223,"(1,80x0,25)/6","0,48","288.0",64224,"103322252-103322254","263119",,,,,"HORTOCOX","ECO",70,,140000,"127062,5",67200,60990,-6210,"30/01/2026",5,
1827,48,"26/11/2025","BROCOLI ECO","ITHACA","LA NUEVA I","5","SEMILLEROS EL MIRADOR, S.L.",85,"1x0,50 DOBLE","0,6","284.0",24140,"00170203","263231",,,,,"CAROLINA","ECO",90,,15000,0,9000,0,-9000,"24/02/2026",9,
1829,48,"26/11/2025","BROCOLI ECO","ITHACA","LA NUEVA I","6B","SEMILLEROS EL MIRADOR, S.L.",135,"1x0,50 DOBLE","0,95","284.0",38340,"00170203","263231",,,,,"CAROLINA","ECO",90,,15000,"10875,7894736842",14250,10332,-3918,"24/02/2026",9,
1961,48,"26/11/2025","BROCOLI ECO","ULYSES","LA NUEVA I","5","SEMILLEROS EL MIRADOR, S.L.",118,"1x0,50 DOBLE","0,73","250.0",29500,"001801190","263231",,,,,"CAROLINA","ECO",90,,15000,"18336,9863013699",10950,13386,2436,"24/02/2026",9,
1828,48,"26/11/2025","BROCOLI ECO","ITHACA","LA NUEVA I","6A","SEMILLEROS EL MIRADOR, S.L.",70,"1x0,50 DOBLE","0,49","284.0",19880,"00172216","263231",,,,,"CAROLINA","ECO",90,,15000,"16714,2857142857",7350,8190,840,"24/02/2026",9,
1818,48,"26/11/2025","BROCOLI ECO","ULYSES","LA NUEVA I","4","SEMILLEROS EL MIRADOR, S.L.",331,"1x0,50 DOBLE","2,06","250.0",82750,"001801190","263231 - 263239",,,,,"CAROLINA","ECO",90,,15000,"12353,8834951456",30900,25449,-5451,"24/02/2026",9,
1963,48,"28/11/2025","BROCOLI ECO","ULYSES","LA BARDA","16","SEMILLEROS EL MIRADOR, S.L.",127,"1X0.25","0,79","250.0",31750,"001801190","263361","143","1","81","1 - 2","SERGIO","ECO",90,,15000,"14230,3797468354",11850,11242,-608,"26/02/2026",9,
1962,48,"28/11/2025","COL PICUDA ECO","DIEGO","LA BARDA","16","SEMILLEROS EL MIRADOR, S.L.",145,"1X0.25","1,04","288.0",41760,"1968941","263361","143","1","81","1 - 2","SERGIO","ECO",105,,36000,0,37440,0,-37440,"13/03/2026",11,
1964,48,"28/11/2025","LECHUGA VERDE ECO","RANDOLPH","LA BARDA","2","SEMILLEROS EL MIRADOR, S.L.",223,"(1,80x0,25)/6","0,48","288.0",64224,"103322252-103322254","263361 - 263375","143","1","127","1 - 2","HORTOCOX","ECO",70,,140000,100775,67200,48372,-18828,"06/02/2026",6,
1965,48,"28/11/2025","LECHUGA ROJA ECO","41-CO3771","LA BARDA","2","SEMILLEROS EL MIRADOR, S.L.",25,"(1,80x0,25)/6","0,05","288.0",7200,"103328119-103328122","263361","143","1","127 - 124","1 - 2","HORTOCOX","ECO",70,,140000,0,7000,0,-7000,"06/02/2026",6,
1817,49,"03/12/2025","BROCOLI ECO","SERRETA","LA NUEVA I","3","SEMILLEROS EL MIRADOR, S.L.",339,"1x0,50 DOBLE","2,1","288.0 - 245.0",86151,"20305714","263526 - 263546",,,,,"CAROLINA","ECO",90,,15000,0,31500,0,-31500,"03/03/2026",10,
1841,49,"03/12/2025","BROCOLI ECO","ULYSES","LA NUEVA I","2B","SEMILLEROS EL MIRADOR, S.L.",114,"1x0,50 DOBLE","0,73","250.0 - 260.0",29070,"001801190 - 00177230","263518",,,,,"CAROLINA","ECO",90,,15000,"3715,06849315068",10950,2712,-8238,"03/03/2026",10,
1967,49,"03/12/2025","BROCOLI ECO","ULYSES","LA NUEVA I","2A","SEMILLEROS EL MIRADOR, S.L.",46,"1x0,50 DOBLE","0,3","260.0",11960,"00177230","263518",,,,,"CAROLINA","ECO",90,,15000,15510,4500,4653,153,"03/03/2026",10,
1808,49,"03/12/2025","BROCOLI ECO","SERRETA","LA NUEVA I","1B","SEMILLEROS EL MIRADOR, S.L.",143,"1x0,50 DOBLE","0,87","245.0",35035,"20305714","263518",,,,,"CAROLINA","ECO",90,,15000,0,13050,0,-13050,"03/03/2026",10,
1966,49,"03/12/2025","BROCOLI ECO","ULYSES","LA NUEVA I","1B","SEMILLEROS EL MIRADOR, S.L.",100,"1x0,50 DOBLE","0,62","250.0",25000,"001801190","263518",,,,,"CAROLINA","ECO",90,,15000,"19312,9032258065",9300,11974,2674,"03/03/2026",10,
1968,49,"03/12/2025","BROCOLI ECO","PARTHENON","LA NUEVA I","3","SEMILLEROS EL MIRADOR, S.L.",15,"1x0,50 DOBLE","0,1","284.0",4260,"00173589","263546",,,,,"CAROLINA","ECO",90,,15000,77640,1500,7764,6264,"03/03/2026",10,
1721,49,"03/12/2025","BROCOLI ECO","SERRETA","LA NUEVA I","2A","SEMILLEROS EL MIRADOR, S.L.",80,"1x0,50 DOBLE","0,2","280.0",22400,"00152952","253854",,,,,"CAROLINA","ECO",90,,15000,0,3000,0,-3000,"21/03/2025",12,
1807,49,"03/12/2025","BROCOLI ECO","SERRETA","LA NUEVA I","1A","SEMILLEROS EL MIRADOR, S.L.",165,"1x0,50 DOBLE","1,01","245.0",40425,"20305714","263518",,,,,"CAROLINA","ECO",90,,15000,"4798,0198019802",15150,4846,-10304,"03/03/2026",10,
1823,49,"04/12/2025","BROCOLI ECO","PARTHENON","LA BARDA","21","SEMILLEROS EL MIRADOR, S.L.",312,"1X0.25","2,21","284.0",88608,"00173589","263546",,,,,"SERGIO","CONV",90,,15000,"12625,3393665158",33150,27902,-5248,"04/03/2026",10,
1969,49,"04/12/2025","LECHUGA ROJA ECO","41-CO3771","LA BARDA","2","SEMILLEROS EL MIRADOR, S.L.",25,"(1,80x0,25)/6","0,05","288.0",7200,"103328119-103328122","263540","143","1","127 - 124","1 - 2","HORTOCOX","ECO",70,,140000,0,7000,0,-7000,"12/02/2026",7,
1970,49,"04/12/2025","LECHUGA VERDE ECO","RANDOLPH","LA BARDA","2","SEMILLEROS EL MIRADOR, S.L.",223,"(1,80x0,25)/6","0,48","288.0",64224,"103322252-103322254","263540","143","1","127 - 124","1 - 2","HORTOCOX","ECO",70,,140000,"114341,666666667",67200,54884,-12316,"12/02/2026",7,
1875,49,"05/12/2025","APIO ECO","BUFALO","LA BARDA","3","SEMILLEROS EL MIRADOR, S.L.",856,"1x0.25 DOBLE","2,95","276.0",236256,"428/06300-3A10-40625","263572","143","1","124","1 - 2 - 3 - 4","SERGIO","ECO",115,,70000,0,206500,0,-206500,"30/03/2026",14,
1974,50,"11/12/2025","BROCOLI ECO","MONRELLO","LA BARDA","23","SEMILLEROS EL MIRADOR, S.L.",82,"1X0.25","0,6","288.0",23616,"20154599","263625 - 263833",,,,,"SERGIO","CONV",90,,15000,0,9000,0,-9000,"11/03/2026",11,
1973,50,"11/12/2025","BROCOLI ECO","SERRETA","LA BARDA","23","SEMILLEROS EL MIRADOR, S.L.",44,"1X0.25","0,3","268.0",11792,"00173589","263625",,,,,"SERGIO","CONV",90,,15000,0,4500,0,-4500,"11/03/2026",11,
1899,50,"11/12/2025","BROCOLI ECO","PARTHENON","LA BARDA","22","SEMILLEROS EL MIRADOR, S.L.",435,"1X0.25","3,13","288.0",125280,"00173589","263625",,,,,"SERGIO","CONV",90,,15000,0,46950,0,-46950,"11/03/2026",11,
1809,50,"11/12/2025","BROCOLI ECO","PARTHENON","LA BARDA","23","SEMILLEROS EL MIRADOR, S.L.",65,"1X0.25","0,42","260.0",16900,"00173589","263625",,,,,"SERGIO","CONV",90,,15000,0,6300,0,-6300,"11/03/2026",11,
1830,50,"12/12/2025","BROCOLI ECO","MONRELLO","LA NUEVA II","9","SEMILLEROS EL MIRADOR, S.L.",134,"1x0,50 DOBLE","0,93","282.0 - 288.0",37962,"20154599","263873",,,,,"CAROLINA","ECO",90,,15000,0,13950,0,-13950,"12/03/2026",11,
1649,50,"12/12/2025","BROCOLI ECO","MONRELLO","LA NUEVA II","8","SEMILLEROS EL MIRADOR, S.L.",142,"1x0,50 DOBLE",1,"288.0 - 282.0",40506,"19181999 - 20154599","263873",,,,,"CAROLINA","ECO",90,,15000,0,15000,0,-15000,"12/03/2026",11,
1887,52,"23/12/2025","BROCOLI ECO","MONRELLO","LA BARDA","18","SEMILLEROS EL MIRADOR, S.L.",216,"1X0.25","1,5","288.0",62208,"20154599","264080",,,,,"CAROLINA","ECO",90,,15000,0,22500,0,-22500,"23/03/2026",13,
1975,52,"23/12/2025","BROCOLI ECO","SERRETA","LA BARDA","18","SEMILLEROS EL MIRADOR, S.L.",161,"1X0.25","1,09","272.0",43792,"20305714","264080",,,,,"CAROLINA","ECO",90,,15000,0,16350,0,-16350,"23/03/2026",13,
1877,52,"23/12/2025","APIO ECO","BUFALO","LA BARDA","5","SEMILLEROS EL MIRADOR, S.L.",448,"1x0.25 DOBLE","1,5","270.0",120960,"48/06300-3A10406253","264074",,,,,"HORTOCOX","ECO",115,,70000,0,105000,0,-105000,"17/04/2026",16,
1977,52,"24/12/2025","APIO ECO","BUFALO","LA BARDA","5","SEMILLEROS EL MIRADOR, S.L.",289,"1x0.25 DOBLE",1,"274.0",79186,"48/06300-3A1040-625","264096",,,,,"HORTOCOX","ECO",115,,70000,0,70000,0,-70000,"18/04/2026",16,
1832,52,"24/12/2025","BROCOLI ECO","SERRETA","LA NUEVA II","11","SEMILLEROS EL MIRADOR, S.L.",300,"1x0,50 DOBLE","2,04","272.0",81600,"20305714","264112",,,,,"CAROLINA","ECO",90,,15000,0,30600,0,-30600,"24/03/2026",13,
1976,52,"24/12/2025","BROCOLI ECO","PARTHENON","LA NUEVA II","10","SEMILLEROS EL MIRADOR, S.L.",155,"1x0,50 DOBLE","1,08","280.0",43400,"00173589","264112",,,,,"CAROLINA","ECO",90,,15000,0,16200,0,-16200,"24/03/2026",13,
1831,52,"24/12/2025","BROCOLI ECO","SERRETA","LA NUEVA II","10","SEMILLEROS EL MIRADOR, S.L.",41,"1x0,50 DOBLE","0,28","272.0",11152,"20305714","264112",,,,,"CAROLINA","ECO",90,,15000,0,4200,0,-4200,"24/03/2026",13,
1978,1,"03/01/2026","APIO ECO","BUFALO","LA BARDA","5","SEMILLEROS EL MIRADOR, S.L.",275,"1x0.25 DOBLE","0,94","274.0",75350,"428/06300-3A1040625","264235",,,,,"HORTOCOX","ECO",115,,70000,0,65800,0,-65800,"28/04/2026",18,
1886,3,"16/01/2026","BROCOLI ECO","PARTHENON","LA BARDA","17","SEMILLEROS EL MIRADOR, S.L.",418,"1X0.25","2,88","280.0 - 274.0",115738,"00173589 - 00176115","264467 - 00176115",,,,,"SERGIO","ECO",90,,15000,0,43200,0,-43200,"16/04/2026",16,
1882,3,"16/01/2026","APIO ECO","BUFALO","LA BARDA","11","SEMILLEROS EL MIRADOR, S.L.",510,"1x0.25 DOBLE","1,8","276.0 - 286.0",144300,"428/06300-3A1040625 - 428/06300-31040825/4","264452",,,,,"HORTOCOX","ECO",110,,70000,0,126000,0,-126000,"06/05/2026",19,
1852,3,"17/01/2026","BROCOLI ECO","PARTHENON","LA BARDA","19","SEMILLEROS EL MIRADOR, S.L.",143,"1X0.25","0,98","274.0",39182,"00176115","264467",,,,,"CAROLINA","ECO",90,,15000,0,14700,0,-14700,"17/04/2026",16,
1994,3,"17/01/2026","BROCOLI ECO","SERRETA","LA BARDA","19","SEMILLEROS EL MIRADOR, S.L.",103,"1X0.25","0,7","272.0 - 270.0",27956,"20305714","264498",,,,,"SERGIO","ECO",90,,15000,0,10500,0,-10500,"17/04/2026",16,
1996,3,"17/01/2026","LECHUGA ROJA ECO","41-CO3771","LA BARDA","2","SEMILLEROS EL MIRADOR, S.L.",25,"(1,80x0,25)/6","0,05","288.0",7200,"103328119-103328122","264489",,,,,"HORTOCOX","ECO",70,,135000,0,6750,0,-6750,"28/03/2026",13,
1997,3,"17/01/2026","LECHUGA VERDE ECO","XIMENES","LA BARDA","2","SEMILLEROS EL MIRADOR, S.L.",83,"(1,80x0,25)/6","0,18","288.0",23904,"6872409","264489",,,,,"HORTOCOX","ECO",70,,135000,0,24300,0,-24300,"28/03/2026",13,
1995,3,"17/01/2026","APIO ECO","BUFALO","LA BARDA","11","SEMILLEROS EL MIRADOR, S.L.",386,"1x0.25 DOBLE","1,39","286.0 - 288.0",111012,"428/06300-31040825/A - 428106300-3104082514","264452 - 264487 - 264489",,,,,"HORTOCOX","ECO",110,,70000,0,97300,0,-97300,"07/05/2026",19,
1998,4,"19/01/2026","BROCOLI ECO","TRITON","AGRICOLA GOMEZ RAMIREZ",,"SEMILLEROS EL MIRADOR, S.L.",1150,"1X0.25","8,28","288.0",331200,"00173883","264516",,,,,,"ECO",90,,15000,0,124200,0,-124200,"19/04/2026",16,
1999,4,"20/01/2026","BROCOLI ECO","SERRETA","LA BARDA","19","SEMILLEROS EL MIRADOR, S.L.",18,"1X0.25","0,12","270.0",4860,"20305714","264498",,,,,"CAROLINA","ECO",90,,15000,0,1800,0,-1800,"20/04/2026",17,
1888,4,"21/01/2026","LECHUGA VERDE ECO","XIMENES","LA BARDA","20","SEMILLEROS EL MIRADOR, S.L.",564,"(1,80x0,25)/6","1,21","288.0",162432,"6872409","264489 - 264596",,,,,"SERGIO","ECO",70,,135000,0,163350,0,-163350,"01/04/2026",14,
2000,4,"21/01/2026","LECHUGA ROJA ECO","41-CO3771","LA BARDA","20","SEMILLEROS EL MIRADOR, S.L.",25,"(1,80x0,25)/6","0,05","288.0",7200,"103328119-103328122","264489",,,,,"SERGIO","ECO",70,,135555,0,"6777,75",0,"-6777,75","01/04/2026",14,
1990,5,"30/01/2026","BROCOLI ECO","SERRETA","LA BARDA","10","SEMILLEROS EL MIRADOR, S.L.",415,"1X0.25","2,8","270.0",112050,"20305714","264834",,,,,"HORTOCOX","ECO",90,,15000,0,42000,0,-42000,"30/04/2026",18,
1652,5,"30/01/2026","BROCOLI ECO","TRITON","EL MAYORAZGO","6","SEMILLEROS EL MIRADOR, S.L.",499,"1x0,50 DOBLE","3,6","288.0",143712,"00173983","264828",,,,,"CAROLINA","ECO",90,,15000,0,54000,0,-54000,"30/04/2026",18,
2002,5,"31/01/2026","BROCOLI ECO","TRITON","AGRICOLA GOMEZ RAMIREZ",,"SEMILLEROS EL MIRADOR, S.L.",1000,"1X0.25","7,2","288.0",288000,"00173983 - 00154074",,,,,,,"ECO",90,,15000,0,108000,0,-108000,"01/05/2026",18,
2003,6,"07/02/2026","BROCOLI ECO","TRITON","LA BARDA","9","SEMILLEROS EL MIRADOR, S.L.",308,"1X0.25","2,21","288.0",88704,"00173983 - 00164074","265006",,,,,"HORTOCOX","ECO",90,,15000,0,33150,0,-33150,"08/05/2026",19,
2004,6,"07/02/2026","APIO ECO","BUFALO","LA BARDA","4","SEMILLEROS EL MIRADOR, S.L.",455,"1x0.25 DOBLE","1,63","288.0",131040,"428106300-3104082514 - 428/06300-3104082542","264999",,,,,"HORTOCOX","ECO",105,,70000,0,114100,0,-114100,"23/05/2026",21,
1991,6,"07/02/2026","BROCOLI ECO","SERRETA","LA BARDA","9","SEMILLEROS EL MIRADOR, S.L.",107,"1X0.25","0,72","270.0",28890,"20305714","265006",,,,,"HORTOCOX","ECO",90,,15000,0,10800,0,-10800,"08/05/2026",19,
2005,7,"13/02/2026","BROCOLI ECO","NAXOS","LA BARDA","4","SEMILLEROS EL MIRADOR, S.L.",192,"1X0.25","1,37","286.0 - 288.0",54992,"00182515","265166 - 265302",,,,,"HORTOCOX","ECO",90,,15000,0,20550,0,-20550,"14/05/2026",20,
2019,8,"17/02/2026","BROCOLI ECO","TRITON","AGRICOLA GOMEZ RAMIREZ",,"SEMILLEROS EL MIRADOR, S.L.",483,"1X0.25","3,5","288.0",139104,"00173983","265211",,,,,,"ECO",90,,15000,0,52500,0,-52500,"18/05/2026",21,
2020,8,"17/02/2026","BROCOLI ECO","NAXOS","AGRICOLA GOMEZ RAMIREZ",,"SEMILLEROS EL MIRADOR, S.L.",508,"1X0.25","3,6","288.0",146304,"00182515","265211",,,,,,"ECO",90,,15000,0,54000,0,-54000,"18/05/2026",21,
1993,8,"20/02/2026","LECHUGA VERDE ECO","RALSTON","LA BARDA","8B","SEMILLEROS EL MIRADOR, S.L.",67,"(1,80x0,25)/6","0,14","288.0",19296,"103149936-103149940","265302",,,,,"HORTOCOX","ECO",70,,135000,0,18900,0,-18900,"01/05/2026",18,
2018,8,"20/02/2026","LECHUGA VERDE ECO","RAWONDER","LA BARDA","8B","SEMILLEROS EL MIRADOR, S.L.",136,"(1,80x0,25)/6","0,29","288.0",39168,"103273253-103273256","265302",,,,,"HORTOCOX","ECO",70,,135000,0,39150,0,-39150,"01/05/2026",18,
2015,8,"20/02/2026","BROCOLI ECO","NAXOS","LA BARDA","20","SEMILLEROS EL MIRADOR, S.L.",237,"1X0.25","1,7","286.0",67782,"00182515","265166",,,,,"SERGIO","CONV",90,,15000,0,25500,0,-25500,"21/05/2026",21,
2029,10,"05/03/2026","LECHUGA VERDE ECO","RAWONDER","LA BARDA","8B","SEMILLEROS EL MIRADOR, S.L.",136,"(1,80x0,25)/6","0,29","288.0",39168,"103273253-103273256","265654",,,,,"HORTOCOX","ECO",70,,135000,0,39150,0,-39150,"14/05/2026",20,
2006,11,"13/03/2026","CALABAZA HOKKAIDO","ORANGE SUMMER","LA BARDA","25","SEMILLEROS EL MIRADOR, S.L.",155,"2X0.60","2,75","148.0",22940,"6607032","265813",,,,,"SERGIO","CONV",70,,20000,0,55000,0,-55000,"22/05/2026",21,
2007,12,"16/03/2026","CALABAZA HOKKAIDO","ORANGE SUMMER","LA BARDA","26","SEMILLEROS EL MIRADOR, S.L.",156,"2X0.60","2,77","148.0",23088,"6607032","265851",,,,,"SERGIO","CONV",70,,20000,0,55400,0,-55400,"25/05/2026",22,
2022,12,"17/03/2026","CALABAZA HOKKAIDO","ORANGE SUMMER","LA BARDA","6","SEMILLEROS EL MIRADOR, S.L.",160,"2X0.60","2,84","148.0",23680,"6607032 - 6713510","265881",,,,,"HORTOCOX","ECO",70,,20000,0,56800,0,-56800,"26/05/2026",22,
2030,12,"18/03/2026","LECHUGA VERDE ECO","RAWONDER","LA BARDA","8B","SEMILLEROS EL MIRADOR, S.L.",141,"(1,80x0,25)/6","0,3","288.0",40608,"103273253-103273256 - 103249737-103249741","265910",,,,,"HORTOCOX","ECO",70,,135000,0,40500,0,-40500,"27/05/2026",22,
2031,13,"23/03/2026","CALABAZA HOKKAIDO","ORANGE SUMMER","LA BARDA","7","SEMILLEROS EL MIRADOR, S.L.",144,"2X0.60","2,6","148.0",21312,"6713510","265979",,,,,"HORTOCOX","ECO",70,,20000,0,52000,0,-52000,"01/06/2026",23,
